id,mean_NNMF1,mean_NNMF2,mean_NNMF3,mean_NNMF4,mean_NNMF5,mean_NNMF6,mean_NNMF7,mean_NNMF8,mean_NNMF9,mean_NNMF10,mean_NNMF11,mean_NNMF12,mean_NNMF13,mean_NNMF14,mean_NNMF15
1009,-0.039523,0.013894,-0.001641,-0.052159,-0.046407,-0.01764,0.009317,-0.060825,0.060026,-0.02167,-0.035143,-0.049491,-0.047163,-0.060158,-0.042979
1041,-0.030968,-0.020957,-0.055631,-0.116115,-0.088349,0.027019,0.041659,-0.009045,-0.055827,0.065115,-0.051697,-0.066026,-0.109137,-0.037329,-0.018652
1053,-0.166461,0.006469,-0.008984,-0.222129,-0.252771,-0.159871,-0.242821,-0.26844,-0.29899,-0.294502,-0.188414,-0.299049,-0.193045,-0.189207,-0.178943
1078,-0.061118,-0.137286,-0.03742,-0.064411,-0.079489,-0.019872,-0.055777,-0.125062,-0.174964,-0.147707,-0.183074,-0.1028,0.012432,-0.032177,-0.068431
1085,-0.097767,0.020261,-0.104367,-0.294344,-0.136685,-0.106415,-0.211826,-0.023836,-0.223099,-0.164079,-0.14677,-0.093404,-0.092256,-0.152416,0.001673
1092,-0.190991,0.053097,0.118056,-0.226842,-0.275818,-0.063027,-0.180987,-0.182728,-0.145247,-0.179757,-0.154821,-0.282292,-0.22846,-0.09492,-0.224421
1105,-0.070496,0.234461,0.079751,-0.111892,-0.155417,-0.179475,-0.162946,-0.008812,-0.068419,0.005277,-0.061138,-0.134115,-0.091766,0.025647,-0.095452
1118,-0.090148,0.00925,-0.059045,-0.15461,-0.114599,-0.143213,-0.095171,-0.103076,-0.366385,-0.1968,-0.040672,-0.113211,-0.03194,-0.056977,-0.0147
1123,-0.071641,0.039139,-0.077829,-0.219884,-0.098031,-0.090333,-0.197174,-0.034377,-0.193072,-0.111521,-0.172487,0.000383,-0.156726,-0.132254,-0.010135
1130,-0.096476,-0.004431,-0.001199,-0.199177,-0.268924,-0.019381,-0.140491,-0.036552,-0.039303,-0.183665,-0.142756,0.037051,-0.129777,-0.108135,-0.0353
1142,-0.073654,0.190822,-0.011563,-0.066153,-0.057142,-0.205678,-0.061786,0.044887,-0.149405,-0.109717,-0.047296,-0.057447,-0.117127,-0.021299,-0.119202
1156,-0.039142,-0.077596,0.060762,-0.11907,-0.106387,-0.138331,-0.076438,0.051542,-0.062047,-0.02457,-0.118414,-0.024378,-0.072638,-0.003635,-0.008538
1189,-0.090282,-0.115411,-0.000826,-0.188196,-0.231881,-0.128804,-0.12718,-0.050478,-0.219043,-0.155922,-0.223021,-0.08195,-0.180185,-0.157923,-0.083523
1191,-0.085856,-0.018586,-0.155945,-0.065313,-0.119204,-0.03888,-0.136789,-0.120101,-0.262805,-0.176293,-0.115524,-0.032896,-0.108748,-0.115416,-0.083492
1214,-0.107914,0.129565,0.032226,0.014263,-0.17956,-0.10054,-0.194471,-0.098181,-0.243573,-0.196745,-0.152624,-0.181297,-0.2096,-0.032431,-0.166539
1237,-0.097427,-0.015508,0.082264,-0.144106,-0.178281,-0.167042,-0.192335,-0.061605,-0.205672,-0.237375,-0.127427,-0.137105,-0.097736,-0.108234,-0.181375
1245,-0.076448,-0.022508,-0.070154,-0.189395,-0.169921,-0.156009,-0.170701,-0.019273,-0.176789,-0.109237,-0.085054,-0.090885,-0.045128,-0.00194,-0.103568
1266,-0.087022,0.025924,0.007617,-0.085818,-0.079238,0.006398,-0.099981,-0.156235,-0.035194,-0.201579,-0.005064,-0.213982,-0.02632,-0.007379,0.023915
1279,-0.090978,-0.130518,0.141611,-0.090497,-0.103966,-0.018852,-0.191908,-0.14394,0.059748,-0.142053,-0.165902,-0.148691,-0.091474,-0.047977,0.001392
1293,-0.092625,0.003303,0.155433,-0.021899,-0.134864,-0.111417,-0.010005,-0.126093,-0.110177,-0.176735,-0.026515,-0.063938,-0.074331,-0.094471,-0.087108
1329,-0.058029,0.216396,0.074351,-0.171202,-0.062408,0.12922,0.000001,-0.100424,-0.089392,-0.06872,0.07567,-0.073954,-0.161133,-0.03065,-0.019078
1358,-0.099952,0.045593,0.029655,-0.010679,-0.244424,-0.120072,-0.105992,-0.066268,-0.082469,-0.206087,-0.169697,-0.121917,-0.14466,-0.06948,-0.108175
1400,-0.117086,-0.041991,0.01075,-0.008617,-0.102951,-0.140137,-0.191103,-0.196726,-0.236267,-0.119023,-0.166647,-0.18756,-0.177291,-0.106061,-0.176444
1413,-0.048026,0.078925,-0.121689,-0.028958,-0.166105,-0.021219,-0.110608,-0.028626,-0.009866,-0.043322,-0.155106,-0.137215,-0.135361,0.02677,-0.066935
1428,-0.105553,0.192447,0.098491,-0.046984,-0.268367,0.022194,-0.165213,-0.021971,-0.174485,-0.315372,-0.11664,-0.038297,-0.114873,-0.039249,-0.154356
1435,-0.064517,0.195828,0.05396,-0.097327,-0.230187,0.031946,-0.093412,-0.033903,-0.241324,-0.02837,-0.06759,-0.020445,-0.096782,-0.035827,-0.102593
1447,-0.089959,-0.050609,-0.060026,-0.204668,-0.210277,-0.055568,-0.109125,-0.243314,-0.092597,-0.306429,-0.058181,-0.097628,-0.128955,-0.108692,-0.024203
1459,-0.122861,-0.048263,-0.025288,-0.177304,-0.208788,-0.170908,-0.070266,-0.296913,-0.126894,-0.256549,-0.102705,-0.136958,-0.143987,-0.164486,-0.100777
1461,-0.06258,0.149262,-0.111295,-0.073684,-0.105968,0.009833,-0.024331,-0.020979,-0.117011,-0.077027,-0.090926,0.028748,-0.212678,-0.027599,-0.029278
1486,-0.057608,0.003088,-0.054288,-0.102406,-0.130929,-0.066067,-0.070448,-0.061039,-0.064964,-0.089789,-0.112665,-0.102943,-0.119411,-0.082707,-0.000676
1502,-0.250132,0.01198,0.107679,-0.251531,-0.220873,-0.191035,-0.167415,-0.269609,-0.405448,-0.330702,-0.381021,-0.329237,-0.309679,-0.180066,-0.263318
1515,-0.129604,0.213589,-0.072862,-0.020683,-0.240672,-0.049068,-0.081274,-0.006025,-0.247196,-0.103201,-0.182353,-0.087181,-0.221892,-0.154319,-0.152429
1521,-0.03564,0.124074,0.020615,0.012211,-0.13302,0.085217,0.006838,0.077691,-0.120659,-0.053052,-0.046142,0.021887,-0.146383,-0.040497,-0.035248
1546,-0.096489,-0.005587,0.004261,-0.061543,-0.184224,-0.02261,-0.118644,-0.108763,-0.05254,-0.158356,-0.13376,-0.126185,-0.090052,-0.022354,-0.041961
1554,-0.07958,-0.045814,0.135963,-0.196188,-0.073833,-0.007437,-0.019092,-0.014658,-0.099329,-0.186923,-0.070038,-0.117974,-0.109594,-0.041309,-0.083668
1568,-0.05304,0.157098,-0.067961,-0.010812,-0.199261,0.087471,-0.197707,0.035748,-0.120035,-0.177123,-0.032242,0.026284,-0.097518,-0.058811,-0.015253
1570,-0.019547,0.014863,0.11014,0.061074,-0.070621,-0.10772,0.018997,0.048244,0.009534,0.011874,0.00242,-0.050753,-0.079244,0.043576,-0.011498
1619,-0.094227,-0.025438,-0.041623,-0.212835,-0.107021,-0.046461,-0.240693,-0.226772,-0.213079,-0.154401,-0.134965,-0.198399,-0.174698,-0.068647,-0.114728
1622,-0.1109,-0.18166,0.036763,-0.230534,-0.201588,-0.179143,-0.120615,-0.025351,-0.216595,-0.197718,-0.216826,-0.208484,-0.210008,-0.081929,-0.120796
1636,-0.044307,-0.027537,0.194192,-0.139187,-0.18034,-0.036082,-0.007567,-0.056501,-0.106286,-0.137706,-0.1258,0.089825,-0.0878,-0.12208,-0.075964
1650,-0.048297,-0.023478,-0.022974,-0.080905,-0.092079,-0.04013,-0.074472,-0.114668,-0.042755,-0.089636,-0.079898,-0.074068,-0.190889,-0.073528,-0.005982
1674,-0.099528,0.031731,-0.103252,0.074672,0.043482,-0.120996,-0.154647,-0.082766,-0.128828,-0.173306,-0.138516,-0.179231,-0.072809,-0.08902,-0.026884
1688,-0.163453,0.186622,-0.123034,-0.229343,-0.149685,-0.168702,-0.354755,-0.172906,-0.228589,-0.25002,-0.217362,-0.234468,-0.247346,-0.162339,-0.179724
1703,-0.082897,0.087478,0.014378,-0.124288,-0.037543,-0.049572,0.013363,0.008465,-0.165257,-0.015898,-0.157284,-0.199635,-0.070311,-0.018012,-0.054813
1711,-0.086528,0.124681,-0.017749,-0.141394,-0.213799,0.053838,-0.017236,-0.056961,-0.179483,-0.113178,-0.060377,-0.036696,-0.186297,-0.101059,-0.147345
1725,-0.131537,0.152941,-0.111748,-0.132146,-0.134422,-0.084011,-0.240204,-0.076319,-0.23007,-0.329285,-0.119289,-0.187843,-0.236554,-0.070591,-0.164561
1757,-0.091949,0.06548,-0.01118,0.057123,-0.193545,-0.01873,-0.203675,-0.158051,-0.139898,-0.138173,-0.034743,-0.071499,-0.049989,-0.099658,-0.116114
1769,-0.165898,0.188407,0.033931,-0.137635,-0.351515,-0.076865,-0.321288,-0.060002,-0.214151,-0.316487,-0.306932,-0.11908,-0.188712,-0.158257,-0.194755
1784,-0.103031,-0.002828,0.058908,-0.103204,-0.048772,-0.116659,0.027551,-0.139582,-0.167505,-0.153847,-0.054512,-0.229474,-0.071201,-0.18587,-0.059
1798,-0.051919,0.142957,0.070278,-0.060595,-0.116946,-0.075048,0.124725,0.009245,-0.02226,-0.063863,-0.067115,-0.098608,-0.042964,-0.060937,0.03823
1804,-0.063984,-0.019105,0.016982,0.026437,-0.042531,-0.042116,-0.098576,-0.082259,-0.015448,-0.063861,-0.128671,-0.079446,-0.181413,0.013108,0.002248
1827,-0.107671,0.203047,-0.057769,0.14646,-0.161248,-0.10393,-0.188061,-0.003333,-0.189399,-0.150978,-0.093978,-0.062831,-0.165291,0.002584,-0.160794
1839,-0.092127,0.078898,-0.05975,0.020638,-0.083835,-0.038944,-0.159199,-0.108954,-0.177887,-0.175376,-0.168734,-0.044371,-0.127275,-0.006321,-0.058252
1855,-0.114222,0.124665,-0.037091,-0.248444,-0.083414,0.034708,-0.100253,-0.128309,-0.228264,-0.084781,0.032591,-0.06783,-0.211392,-0.13467,-0.023164
1883,-0.096914,0.298368,0.029797,-0.07563,-0.083835,-0.014613,-0.120776,-0.040177,-0.217356,-0.207004,-0.093178,-0.149416,-0.223726,-0.054541,-0.086574
1924,-0.073373,0.194379,0.050438,-0.021887,-0.174906,0.067763,-0.1384,-0.07802,-0.142142,-0.117422,-0.033252,-0.159508,-0.11063,-0.069383,-0.070786
1938,-0.058585,0.102536,-0.008397,-0.124928,-0.031577,0.034778,-0.051908,0.026256,-0.162849,-0.081598,-0.049916,-0.037761,-0.054418,-0.018221,-0.046551
1975,-0.082234,0.158325,0.018033,-0.147604,0.008585,-0.085849,-0.03772,-0.050675,-0.170279,-0.141758,0.014999,-0.056852,-0.175976,-0.009236,-0.086945
2035,-0.133264,0.113506,-0.177679,-0.011612,-0.293965,-0.180881,-0.212568,-0.067702,-0.234197,-0.234878,-0.200374,-0.21062,-0.226791,-0.046662,-0.173724
2047,-0.051036,0.035771,0.030221,-0.161382,-0.058436,0.013456,-0.073117,-0.05454,-0.14692,-0.079831,0.015739,-0.145904,-0.178639,-0.06856,-0.008248
2059,-0.06685,0.092572,-0.070845,-0.155204,-0.061713,-0.049501,-0.123161,0.011522,-0.157566,-0.1364,0.002236,-0.072812,-0.162358,-0.018843,-0.053809
2061,-0.104104,0.071385,-0.134881,-0.051043,-0.159202,-0.092449,-0.112903,0.010313,-0.157371,-0.23249,-0.102581,-0.030108,-0.203081,-0.096296,-0.072124
2086,-0.058063,-0.049672,0.057322,-0.160859,-0.00208,-0.091107,-0.030803,-0.127135,-0.145336,-0.033235,-0.049227,-0.251516,-0.121196,0.038626,-0.062971
2094,-0.01517,0.134649,0.202519,-0.062622,-0.066445,-0.000927,0.133687,0.014431,-0.083278,-0.087193,-0.002558,0.039272,-0.105594,-0.032172,-0.02913
2106,-0.099299,-0.018905,0.057914,-0.054695,-0.085613,-0.018157,-0.153838,-0.026351,-0.052867,-0.190482,-0.10798,-0.137258,-0.129148,-0.037736,-0.10657
2131,-0.096814,-0.043675,-0.018352,-0.059274,-0.124204,0.060985,-0.090198,0.003376,-0.035178,-0.108831,-0.086837,-0.137213,-0.133517,-0.087426,-0.105795
2158,-0.113292,0.259343,-0.042191,-0.098296,-0.154292,-0.054785,-0.092949,-0.063206,-0.105038,-0.147252,-0.014797,-0.182137,-0.2414,-0.131394,-0.188007
2215,-0.131916,0.015311,-0.197262,-0.151554,-0.201626,-0.128736,-0.077878,-0.305913,-0.236484,-0.328326,-0.301142,-0.185431,-0.203751,-0.179451,-0.078981
2233,-0.127676,0.04164,-0.007404,-0.184062,-0.19713,-0.123304,-0.127326,-0.168669,-0.218928,-0.334002,-0.193965,-0.05633,-0.205225,-0.158533,-0.145114
2246,-0.111783,0.059477,0.065471,-0.09143,-0.13333,-0.06125,-0.108851,-0.163981,-0.089261,-0.125225,-0.117259,-0.165237,-0.192965,-0.077231,-0.069989
2254,-0.091351,0.21925,-0.047841,-0.197471,-0.077033,-0.024503,-0.169377,-0.116695,-0.153251,-0.142986,-0.143347,-0.161142,-0.139225,-0.052505,-0.041665
2268,-0.116759,-0.076875,-0.118282,-0.085269,-0.160625,-0.162439,-0.222624,-0.181371,-0.225249,-0.114011,-0.258889,-0.230413,-0.14716,-0.124274,-0.135653
2270,-0.037807,0.208304,-0.082432,-0.016171,-0.061089,-0.07664,-0.035267,-0.003318,-0.096572,-0.20126,-0.140608,-0.020855,-0.128996,-0.130264,-0.006272
2287,-0.116753,0.102146,-0.159266,-0.04274,-0.224776,0.011598,-0.126875,-0.102121,-0.123337,-0.184578,-0.153067,-0.041395,-0.260527,-0.157474,-0.066809
2308,-0.140992,0.101607,0.027172,-0.166675,-0.072931,-0.030573,-0.313453,-0.166906,-0.095193,-0.111124,-0.206621,-0.158006,-0.151535,-0.108698,-0.04233
2314,-0.068792,-0.07003,-0.03071,-0.285114,-0.137199,-0.041354,0.026115,-0.118271,-0.251659,-0.095062,-0.05471,-0.046776,-0.088543,-0.076303,-0.19573
2320,-0.079166,-0.004538,-0.024389,-0.15381,-0.155318,-0.087988,-0.051638,-0.114138,-0.250952,-0.136964,-0.062813,-0.045621,-0.137576,-0.061139,-0.141269
2352,-0.092509,0.069484,-0.026434,-0.030894,-0.058518,0.017919,-0.130946,-0.044316,0.005102,-0.051984,-0.066844,-0.182899,-0.076592,-0.039341,-0.094843
2366,-0.114611,0.11514,0.045454,-0.037687,-0.215714,0.019041,-0.188757,-0.038964,-0.201002,-0.188625,-0.175037,-0.038824,-0.243801,0.007042,-0.144615
2393,-0.129629,0.038162,-0.061316,-0.259137,-0.265958,-0.111386,-0.144123,-0.218532,-0.272171,-0.311366,-0.002801,-0.181298,-0.227426,-0.166581,-0.08036
2450,-0.098831,0.036609,-0.096963,-0.068182,-0.07597,-0.192899,-0.105131,-0.119505,-0.116243,-0.075623,-0.196007,-0.164546,-0.041761,-0.098427,-0.094427
2474,-0.106526,0.049781,0.059601,-0.204988,-0.072654,0.019056,-0.186488,-0.142111,-0.071071,-0.191947,-0.122474,-0.048645,-0.215078,-0.153349,-0.013856
2488,-0.086347,0.078659,-0.051796,-0.210802,-0.235768,-0.014659,-0.11595,0.005662,-0.290548,-0.202,-0.067925,-0.069463,-0.209093,-0.038777,-0.119686
2504,-0.059786,0.029186,0.107595,-0.008997,-0.083185,0.016351,0.108615,0.012826,-0.164397,-0.034779,-0.086103,-0.00578,-0.190358,0.00433,-0.069621
2516,-0.106284,0.311617,0.111175,-0.170321,-0.153065,-0.036745,-0.109117,-0.128758,-0.20395,-0.071839,-0.065164,-0.126844,-0.161016,-0.151104,-0.046763
2527,-0.156385,-0.081596,0.108966,-0.254164,-0.286969,-0.100379,-0.236357,-0.231333,-0.36691,-0.316948,-0.221098,-0.24772,-0.242377,-0.122794,-0.165916
2548,-0.102232,0.054524,0.099825,-0.167285,-0.176488,0.025094,-0.066702,-0.108958,-0.093354,-0.084677,0.031305,-0.082826,-0.174423,-0.117166,-0.142063
2555,-0.045467,0.105262,-0.020601,-0.051058,-0.150043,-0.04166,0.061927,-0.02461,-0.111567,-0.166069,-0.042072,0.077773,-0.112061,-0.050404,-0.15017
2571,-0.122839,0.051746,0.075432,0.015308,-0.080781,-0.236178,-0.227242,-0.128974,-0.108979,-0.192796,-0.123506,-0.119334,-0.098768,-0.081667,-0.108553
2624,-0.062229,0.159931,-0.078906,-0.048336,-0.059834,0.01744,0.058153,-0.061294,-0.179251,-0.085289,-0.132735,-0.057335,-0.228655,-0.06555,-0.07043
2638,-0.10753,0.140708,0.014264,-0.131119,-0.118894,-0.193686,-0.091445,-0.053371,-0.141313,-0.163937,-0.032355,-0.138876,-0.139084,-0.022427,-0.133381
2649,-0.07561,0.121438,-0.063036,-0.088974,-0.182797,-0.0731,-0.217785,-0.108012,-0.099471,-0.167311,-0.125092,-0.023628,-0.116467,-0.079876,-0.112259
2663,-0.12023,0.069961,-0.081872,-0.124764,-0.268035,-0.066325,-0.099321,-0.029746,-0.221987,-0.26846,-0.286394,-0.162694,-0.240438,-0.083223,-0.090974
2675,-0.104622,0.079734,0.027115,-0.103002,-0.141936,-0.04632,-0.215756,-0.130094,-0.122639,-0.180148,-0.169947,-0.103689,-0.242841,-0.115858,-0.056526
2682,-0.091607,0.136342,0.002685,-0.015171,-0.045852,-0.027189,-0.166398,-0.04668,-0.046297,-0.150494,0.003019,-0.12912,-0.174481,-0.014067,-0.128587
2696,-0.129002,0.131344,0.018975,-0.199262,-0.210244,-0.16864,-0.196342,-0.190823,-0.164074,-0.221428,-0.053246,-0.142216,-0.209793,-0.112983,-0.148369
2709,-0.062406,0.018438,0.052957,-0.216331,0.038776,-0.069023,-0.081691,-0.049839,-0.121373,-0.152958,-0.113095,-0.122505,-0.172652,-0.075783,-0.029085
2734,-0.165422,0.133035,0.040489,-0.075314,-0.276868,-0.066027,-0.225841,-0.157582,-0.215452,-0.145285,-0.203142,-0.268872,-0.192656,-0.127438,-0.142784
2785,-0.06574,0.175746,-0.147388,0.175224,-0.031879,-0.054974,-0.085104,0.043113,-0.122806,-0.088723,-0.103505,-0.041024,-0.074419,-0.029034,-0.06628
2792,-0.072401,0.146806,0.011105,-0.209745,-0.112901,-0.067071,-0.131572,-0.016827,-0.175817,-0.09362,-0.141397,-0.122625,-0.170014,-0.051268,-0.036815
2823,-0.091475,-0.116156,0.043751,-0.033788,-0.155415,0.001808,0.094105,-0.125618,-0.116449,-0.119028,-0.081803,-0.100209,-0.173362,-0.125021,-0.084444
2864,-0.064272,0.096448,-0.034675,-0.169476,-0.082177,-0.173016,-0.125802,-0.087919,-0.083642,-0.123608,-0.096954,-0.091049,-0.177759,-0.073129,-0.070605
2877,-0.03681,0.242497,-0.000608,-0.057146,-0.093307,0.052512,-0.097136,-0.005889,-0.021572,-0.140904,-0.004679,-0.058664,-0.173677,-0.018987,-0.049125
2891,-0.119727,0.178804,0.020685,-0.010486,-0.054397,-0.200745,-0.264134,-0.108424,-0.286659,-0.31948,-0.202688,-0.131623,-0.139854,-0.147331,-0.075253
2911,-0.108627,0.363462,-0.014896,-0.112248,-0.077084,-0.119612,-0.11232,0.02907,-0.171062,-0.314223,-0.095722,-0.125827,-0.14888,-0.100103,-0.233669
2925,-0.111337,-0.03942,-0.001191,-0.020107,-0.069613,0.114969,-0.055014,-0.246648,-0.17711,-0.145371,-0.141131,-0.155663,-0.216323,-0.117161,-0.143866
2957,-0.116436,0.20742,-0.115828,-0.137431,-0.021908,-0.220291,-0.082276,-0.101994,-0.303418,-0.250622,-0.196808,-0.209263,-0.17524,-0.079719,-0.172367
2984,-0.152704,0.028021,-0.178853,-0.189134,-0.151094,-0.114903,-0.247413,-0.156654,-0.097698,-0.295639,-0.133587,-0.252973,-0.163829,-0.221688,-0.113485
2998,-0.153335,0.118799,0.045887,-0.114625,-0.27738,-0.146032,-0.13958,-0.116025,-0.159211,-0.203331,-0.191865,-0.192182,-0.205314,-0.161667,-0.234093
3050,-0.109624,-0.020633,0.049801,-0.126487,-0.199532,-0.012116,-0.23338,-0.169903,-0.028637,-0.157726,-0.151792,-0.137202,-0.116136,-0.108997,-0.182163
3067,-0.120397,-0.15545,-0.050385,-0.200242,-0.262584,-0.048167,-0.188085,-0.041049,-0.200627,-0.209929,-0.178876,-0.115569,-0.227345,-0.100565,-0.131686
3088,-0.10018,0.119169,-0.080426,-0.183074,-0.139847,-0.024202,-0.187032,-0.08514,-0.215428,-0.152665,-0.100076,-0.010949,-0.089886,-0.086488,-0.073132
3095,-0.075276,0.078538,-0.055954,-0.147075,-0.070336,-0.009939,-0.012578,-0.130036,-0.046676,-0.173789,-0.131443,-0.052117,-0.057128,-0.072341,-0.083906
3108,-0.100989,0.076806,-0.028759,-0.130123,-0.08221,0.09774,-0.096526,-0.184835,-0.100104,-0.1277,-0.161711,-0.213481,-0.252132,-0.039639,-0.141439
3152,-0.150515,0.129113,0.000641,-0.267381,-0.117223,-0.178359,-0.062991,-0.222099,-0.287663,-0.273936,-0.229747,-0.272208,-0.144598,-0.212206,-0.204659
3166,-0.181297,0.002318,-0.158609,-0.249974,-0.233046,-0.146241,-0.349022,-0.149344,-0.396637,-0.303657,-0.278972,-0.220398,-0.28256,-0.163165,-0.12793
3193,-0.175641,0.082069,-0.083462,-0.082389,-0.166853,-0.207,-0.312954,-0.260748,-0.261132,-0.269086,-0.228606,-0.160649,-0.161537,-0.079217,-0.238876
3239,-0.12945,-0.058937,-0.154554,-0.126423,-0.27766,-0.157428,-0.202322,-0.147847,-0.228541,-0.17811,-0.260891,-0.071073,-0.178575,-0.10226,-0.214168
3255,-0.129389,-0.032873,-0.044135,-0.123544,-0.245651,-0.214739,-0.127337,-0.185795,-0.079138,-0.154492,-0.165464,-0.220794,-0.145367,-0.13092,-0.185241
3262,-0.168542,0.175882,0.032428,-0.142256,-0.149161,-0.096771,-0.125539,-0.144167,-0.217841,-0.23581,-0.178669,-0.164025,-0.168223,-0.232763,-0.103554
3321,-0.097166,0.015444,-0.17942,-0.062118,-0.245965,-0.122791,-0.173684,-0.018705,-0.115363,-0.129698,-0.209388,-0.130334,-0.141229,-0.106371,-0.150965
3333,-0.057011,0.085032,-0.085609,-0.075846,-0.184115,0.135397,-0.046381,-0.023267,-0.078683,-0.140313,-0.110732,-0.056602,-0.178886,0.042599,-0.094757
3346,-0.035506,0.105135,0.08747,-0.125528,-0.019259,-0.113555,-0.117045,0.019776,-0.146127,-0.00134,0.013764,-0.072157,-0.124596,0.022356,-0.08378
3370,-0.131969,0.043596,-0.046349,-0.064649,-0.339237,-0.037952,-0.14951,-0.139434,-0.201154,-0.242999,-0.202976,-0.077763,-0.140168,-0.220735,-0.160527
3399,-0.047913,0.095496,0.017447,-0.156692,-0.062682,0.007108,0.003317,-0.024879,-0.083932,-0.140136,-0.000095,-0.03581,-0.145278,-0.087709,-0.047178
3410,-0.074694,-0.008586,0.194583,-0.231566,-0.125029,-0.067437,-0.086318,-0.064703,-0.151594,-0.087807,-0.140425,-0.185144,-0.117826,-0.065638,-0.062699
3438,-0.075359,0.07164,0.073495,0.000183,-0.216272,-0.092969,0.013113,-0.009918,-0.14978,-0.125145,-0.110397,-0.051183,-0.111482,-0.081411,-0.036356
3449,-0.202369,-0.179111,-0.076851,-0.240427,-0.235441,-0.181564,-0.232022,-0.258533,-0.339777,-0.324163,-0.2529,-0.317289,-0.282985,-0.230927,-0.141834
3451,-0.064096,-0.123526,0.040541,-0.098236,-0.147151,-0.093297,0.009416,-0.135582,0.015797,-0.021071,-0.111488,-0.062265,-0.070996,-0.105097,-0.080248
3463,-0.106004,-0.045858,-0.109361,-0.126593,-0.162528,0.011805,-0.087121,-0.112702,-0.207028,-0.198035,-0.160206,-0.056249,-0.247148,-0.083106,-0.15233
3475,-0.17707,0.219727,0.043165,-0.159329,-0.243606,-0.222408,-0.311184,-0.246705,-0.240106,-0.12935,-0.106129,-0.216268,-0.219912,-0.199893,-0.15361
3505,-0.057852,-0.084678,0.147391,-0.08446,-0.093669,-0.00263,-0.095184,-0.077296,-0.176538,-0.041977,-0.066061,-0.004507,-0.047909,-0.056313,-0.048897
3542,-0.055478,-0.054331,-0.038569,-0.063768,-0.166416,-0.087226,-0.137104,-0.133712,-0.00869,-0.132221,-0.017014,-0.025787,-0.087738,-0.059566,-0.105249
3577,-0.10048,0.036672,-0.021927,-0.065504,-0.266724,-0.052146,-0.124653,-0.150554,-0.196553,-0.232606,-0.137721,-0.083919,-0.120141,-0.123989,-0.075879
3589,-0.050777,0.150816,0.07065,0.029017,-0.013633,-0.077848,-0.131606,0.03662,-0.07729,-0.027273,0.048084,-0.063655,-0.16179,0.055773,-0.079877
3591,-0.096228,0.163278,0.066572,-0.044314,-0.090852,-0.018483,-0.146946,-0.109696,-0.168134,-0.085366,-0.064956,-0.152153,-0.180038,-0.107571,-0.029031
3603,-0.108807,0.065402,-0.015035,-0.068552,-0.14914,-0.130553,-0.164739,-0.157574,-0.279352,-0.184737,-0.144048,-0.139331,-0.195925,-0.128413,-0.050638
3611,-0.132902,0.111831,0.074538,-0.090191,-0.150404,-0.06516,-0.215914,-0.180398,-0.26839,-0.231301,-0.128447,-0.233391,-0.287318,-0.112655,-0.149168
3625,-0.101729,0.230721,-0.085762,-0.006943,-0.117099,-0.034113,-0.007558,-0.023913,-0.145474,-0.112559,-0.128924,-0.121243,-0.208502,-0.102033,-0.069257
3657,-0.066255,0.040819,0.010611,-0.096137,-0.174669,0.032714,-0.057905,-0.008088,-0.15396,-0.135132,0.001194,-0.099347,-0.177971,-0.108181,-0.089458
3669,-0.048309,-0.009331,-0.065858,-0.075084,0.054268,-0.048599,-0.019909,-0.111006,-0.069241,-0.063899,-0.066603,-0.04565,-0.078349,-0.065558,-0.052439
3676,-0.099597,0.132169,-0.081222,-0.008895,0.028378,-0.058129,-0.054052,-0.013339,-0.215006,-0.196554,-0.106714,-0.136057,0.022937,-0.147221,-0.056638
3684,-0.063951,0.219132,-0.057814,0.10413,0.067216,-0.105172,-0.10167,0.046279,-0.10091,-0.168374,-0.0368,-0.068833,-0.054987,-0.095859,-0.035878
3698,-0.099822,0.223441,-0.117904,-0.204866,-0.16444,-0.11378,-0.17407,0.117213,-0.100511,-0.148945,-0.012051,-0.104126,-0.070975,-0.1736,-0.077323
3759,-0.062399,0.231016,-0.001311,-0.154295,-0.070246,-0.083548,-0.174632,0.001519,-0.044082,-0.020018,-0.032789,-0.113408,-0.120392,-0.060344,-0.013897
3761,-0.079295,-0.007545,-0.035261,-0.071607,-0.122787,-0.098186,-0.237344,0.043223,-0.025314,-0.003529,-0.075703,-0.001114,-0.013148,-0.065555,-0.086904
3772,-0.125452,0.331877,-0.089848,0.004067,-0.235282,-0.119396,-0.200466,0.00613,-0.156168,-0.133631,-0.031253,-0.120562,-0.17749,-0.148204,-0.148491
3831,-0.06143,0.121209,0.025255,-0.234013,-0.114486,0.025309,-0.219647,-0.031337,-0.054133,-0.189891,-0.04012,-0.008811,-0.127885,-0.080906,-0.031779
3844,-0.087275,0.217855,-0.111833,-0.094032,-0.196183,-0.066082,-0.125481,-0.041773,-0.264009,-0.263282,-0.010822,-0.082549,-0.200388,-0.065563,-0.053246
3858,-0.098793,0.253958,-0.034248,0.204697,-0.104964,-0.141776,-0.208317,-0.055398,-0.218586,-0.257764,-0.132321,-0.087649,-0.059405,-0.074105,-0.152795
3917,-0.095595,-0.146708,0.051615,-0.118899,-0.093834,-0.016667,-0.148885,-0.131155,-0.087681,-0.045336,-0.092855,-0.05314,-0.111761,-0.12527,-0.073305
3926,-0.06671,0.022629,0.018667,-0.173074,-0.060621,-0.051573,-0.147587,-0.07269,-0.029475,-0.057108,-0.036463,-0.063217,-0.054471,-0.096522,0.040052
3960,-0.17917,0.273072,0.087025,-0.262018,-0.184483,-0.216823,-0.167809,-0.121106,-0.354001,-0.318462,-0.177933,-0.195123,-0.213707,-0.109893,-0.17917
4010,-0.192244,-0.065047,0.037981,-0.353747,-0.282911,-0.111166,-0.207067,-0.173069,-0.240165,-0.219504,-0.32146,-0.198907,-0.207193,-0.19056,-0.293273
4024,-0.120201,0.076961,-0.047909,-0.070808,-0.005811,-0.113508,-0.126106,-0.065382,-0.09079,-0.082282,-0.107895,-0.189541,-0.191576,-0.106334,-0.079407
4049,-0.016334,0.050493,0.179094,0.036403,-0.073758,-0.053163,-0.07253,0.004588,-0.043302,-0.101105,-0.041147,-0.011577,-0.066303,0.008233,-0.043256
4051,-0.086825,0.099152,0.121531,-0.038492,-0.193983,-0.046351,-0.157974,-0.021433,-0.076447,-0.211698,-0.136789,-0.065273,-0.178675,-0.067254,-0.155411
4082,-0.154057,0.191285,0.034963,-0.115408,-0.208254,-0.181217,-0.21814,-0.142177,-0.264222,-0.182517,-0.12124,-0.223707,-0.229804,-0.076301,-0.133357
4096,-0.092706,-0.110914,0.017171,-0.100389,-0.126401,-0.06444,0.033627,-0.08629,-0.04724,-0.159034,-0.044482,-0.11826,-0.063775,-0.021554,-0.123469
4115,-0.080324,0.15337,-0.011857,-0.08201,-0.035585,-0.040755,-0.080827,0.024386,-0.173239,-0.176899,-0.054484,-0.049545,-0.092988,-0.091208,-0.052617
4133,-0.070099,0.143863,-0.022439,-0.257549,-0.062171,-0.152208,-0.12474,-0.047551,-0.115002,-0.032318,-0.065254,-0.038495,-0.17474,-0.033901,-0.019745
4187,-0.141726,0.295855,0.003939,-0.113162,-0.19547,-0.13258,-0.208519,-0.0312,-0.23103,-0.325363,-0.222814,-0.17349,-0.186055,-0.132804,-0.176349
4199,-0.076814,0.042448,-0.042551,-0.182446,-0.078869,-0.176937,-0.131392,-0.036242,-0.083717,-0.155538,-0.091526,-0.132524,-0.0672,-0.082731,-0.010525
4205,-0.148299,0.061913,0.033982,-0.166608,-0.042502,-0.104841,-0.021984,-0.076036,-0.259334,-0.25347,-0.144293,-0.183491,-0.145055,-0.152812,-0.145741
4218,-0.091445,0.105548,-0.014914,-0.150056,-0.158981,-0.062256,-0.082682,-0.065582,-0.146153,-0.060321,-0.044749,-0.030892,-0.22535,-0.047978,-0.140514
4223,-0.089227,0.033336,0.049239,-0.168253,0.036818,-0.070026,-0.129017,-0.088162,-0.158811,-0.174935,-0.140569,-0.017142,-0.220158,-0.088654,-0.159346
4242,-0.145991,0.11241,0.072375,-0.285376,-0.087875,-0.267299,-0.130089,-0.14942,-0.35986,-0.293541,-0.103221,-0.212713,-0.183695,-0.179387,-0.160838
4264,-0.159244,-0.090423,0.007834,0.011564,-0.302665,0.007729,-0.05133,-0.09877,-0.231699,-0.209415,-0.20674,-0.258572,-0.16376,-0.128705,-0.110343
4289,-0.090803,0.012782,0.052506,-0.076868,-0.174545,0.080001,-0.200924,-0.119426,-0.061166,-0.167326,-0.186284,-0.150764,-0.167389,0.014411,-0.08072
4291,-0.147611,0.049036,0.014466,-0.236757,-0.10312,-0.169261,-0.252474,-0.034509,-0.278252,-0.236957,-0.145381,-0.328627,-0.16446,-0.136388,-0.139088
4304,-0.203509,-0.054946,-0.205643,-0.347035,-0.474372,-0.186282,-0.342726,-0.184942,-0.37384,-0.372072,-0.312082,-0.300608,-0.312445,-0.324258,-0.236875
4316,-0.234136,0.29923,-0.205632,-0.089494,-0.146066,-0.243667,-0.280995,-0.096988,-0.370707,-0.466428,-0.27424,-0.24711,-0.294055,-0.234285,-0.285749
4327,-0.165244,0.104469,0.143813,-0.185397,-0.288115,-0.185566,-0.262143,-0.049396,-0.257561,-0.197856,-0.160687,-0.18053,-0.22525,-0.144315,-0.223259
4348,-0.07432,0.149054,-0.079618,-0.043382,-0.115184,-0.003372,-0.139152,-0.079212,-0.075652,-0.131954,-0.068516,-0.060447,-0.09011,-0.056856,-0.091655
4355,-0.114786,-0.085518,0.053828,-0.166237,-0.338394,-0.074575,-0.108673,-0.101007,-0.195842,-0.199624,-0.140803,-0.131305,-0.139055,-0.147886,-0.144821
4362,-0.046369,0.043393,-0.067886,0.080218,-0.024748,-0.051403,0.031675,0.00404,-0.179417,-0.132601,-0.058717,-0.054389,-0.083411,0.062481,0.004904
4371,-0.144135,-0.050279,-0.043521,-0.275522,-0.295503,-0.101038,-0.138618,-0.111419,-0.206131,-0.165918,-0.23588,-0.248852,-0.20245,-0.185689,-0.180482
4383,-0.112634,0.151834,-0.151275,-0.007681,-0.298211,-0.125106,-0.178906,-0.119815,-0.281471,-0.136084,-0.125934,-0.092331,-0.227055,-0.073928,-0.109534
4390,-0.09219,0.089477,0.068347,-0.197702,-0.085321,0.047712,-0.01608,-0.099954,-0.167899,-0.168687,-0.071037,-0.208003,-0.052818,0.042273,-0.075146
4403,-0.11047,-0.010585,-0.062479,-0.084262,-0.178819,-0.111135,-0.112474,-0.286703,-0.092382,-0.260288,-0.175811,-0.207835,-0.152405,-0.146585,-0.214037
4425,-0.126195,0.049482,0.051512,-0.152457,-0.292246,-0.168105,-0.084124,-0.062498,-0.232452,-0.262652,-0.191691,-0.115238,-0.15783,-0.00696,-0.101858
4457,-0.083178,0.289569,-0.165655,-0.047973,-0.107115,0.023795,-0.099917,0.036145,-0.075162,-0.143042,0.020794,-0.074531,-0.075727,-0.07703,-0.038431
4484,-0.102756,0.139512,0.010973,-0.131213,-0.249219,0.075191,-0.084129,-0.052536,-0.118114,-0.102003,-0.131543,-0.171783,-0.135484,-0.035456,-0.172087
4506,-0.128837,0.000115,0.035219,-0.288371,-0.107207,-0.003462,-0.114569,-0.063345,-0.230878,-0.244289,-0.221318,-0.226036,-0.145326,-0.096519,-0.163018
4529,-0.089225,0.060905,0.008368,-0.122933,-0.086191,-0.191887,0.017249,-0.06212,-0.144952,-0.24392,-0.066372,-0.171758,-0.15491,-0.019809,-0.078373
4531,-0.096124,0.060143,0.034098,-0.092142,-0.065758,0.038024,-0.202534,-0.128285,-0.173275,-0.185238,-0.157131,-0.124389,-0.16896,-0.044371,-0.162721
4544,-0.102995,0.063505,-0.040413,-0.007252,-0.134902,0.079257,-0.072498,-0.085817,-0.099447,-0.247936,-0.117769,-0.163689,-0.075239,-0.044862,-0.101084
4558,-0.139698,0.033023,-0.002764,-0.111059,-0.250743,0.000276,-0.066439,-0.119546,-0.131929,-0.218495,-0.134241,-0.071673,-0.238271,-0.204823,-0.036262
4565,-0.133418,0.012751,0.166122,-0.233659,-0.081169,-0.073551,-0.107054,-0.124154,-0.24412,-0.142093,-0.081397,-0.166975,-0.206875,-0.137241,-0.148026
4573,-0.113341,-0.07247,-0.139484,-0.066366,-0.166205,-0.130327,-0.184349,-0.200713,-0.340464,-0.308181,-0.266545,-0.213893,-0.150864,-0.110235,-0.137275
4580,-0.102834,0.015574,-0.035693,-0.105337,-0.183151,-0.031991,-0.201199,-0.186245,-0.194548,-0.289451,-0.081541,-0.090213,-0.197972,-0.160879,-0.147381
4597,-0.131717,-0.148218,0.030022,-0.063529,-0.221575,-0.16829,-0.223995,-0.150934,-0.233736,-0.211579,-0.180778,-0.265589,-0.189242,-0.141942,-0.184475
4609,-0.086496,0.1448,0.048945,0.005304,-0.024028,-0.005358,0.054739,0.028663,-0.233596,-0.192148,-0.203895,-0.026184,-0.161455,-0.133568,-0.146549
4617,-0.152819,0.066903,0.164798,-0.068852,-0.233337,-0.0998,-0.105053,-0.158621,-0.274236,-0.290341,-0.138914,-0.294521,-0.181443,-0.164587,-0.196018
4626,-0.174506,0.0231,0.105729,-0.167395,-0.076694,-0.145086,-0.072269,-0.175291,-0.13792,-0.202297,-0.265774,-0.329935,-0.201302,-0.119852,-0.147968
4634,-0.085197,-0.020197,0.164694,-0.092503,-0.116635,-0.249961,0.001583,-0.024831,-0.164867,-0.153222,-0.093828,-0.068386,-0.112781,-0.076118,-0.083599
4653,-0.069218,0.033903,-0.010355,0.05594,-0.006016,-0.098581,0.040649,-0.040253,0.017457,-0.162552,-0.075025,-0.161206,-0.054416,0.069009,-0.037769
4678,-0.116651,0.1234,-0.102469,-0.16033,-0.118957,-0.033825,-0.108314,-0.027573,-0.115939,-0.232261,-0.142947,-0.0456,-0.192544,-0.107613,-0.118266
4692,-0.140097,0.218081,0.08592,-0.212379,-0.228316,-0.072022,-0.158015,-0.025232,-0.310333,-0.275604,-0.142143,-0.122017,-0.213011,-0.131499,-0.090407
4701,-0.075081,-0.023597,0.041489,0.091629,-0.128466,-0.172995,-0.165507,-0.097784,-0.09095,-0.097713,-0.164487,-0.009503,-0.081789,-0.100402,-0.124407
4719,-0.096671,-0.032029,0.036242,-0.211478,-0.020194,-0.060551,-0.136546,-0.065693,-0.185212,-0.173104,-0.067697,-0.138217,-0.229829,-0.086867,-0.057556
4722,-0.230984,0.063751,-0.058355,-0.173043,-0.368581,-0.250976,-0.261131,0.000535,-0.363975,-0.404258,-0.272566,-0.244402,-0.166559,-0.265378,-0.310657
4736,-0.133715,0.167665,-0.18498,0.018327,-0.07936,-0.24717,-0.192749,-0.201173,-0.332984,-0.363288,-0.236449,-0.229553,-0.145199,-0.181767,-0.207055
4743,-0.106817,0.042133,-0.168207,-0.096396,-0.186303,-0.064831,-0.163408,-0.201628,-0.265505,-0.194394,-0.236552,-0.205484,-0.261586,-0.087473,-0.112565
4767,-0.097631,0.068924,0.101319,-0.130709,-0.142086,-0.134989,-0.134957,-0.103778,-0.025936,-0.304111,-0.10839,-0.082477,-0.149004,-0.088291,-0.080916
4788,-0.149662,0.030759,0.007833,-0.137912,-0.158083,-0.195593,-0.184091,-0.199087,-0.234865,-0.144735,-0.196974,-0.173344,-0.221254,-0.156243,-0.228938
4795,-0.092818,-0.08429,-0.035061,-0.165921,-0.160804,-0.219582,-0.062304,-0.021376,-0.22797,-0.091431,-0.225783,-0.093621,-0.145851,-0.022157,-0.126691
4808,-0.13363,0.141905,-0.037987,-0.202558,-0.15219,-0.047564,-0.268634,-0.154396,-0.163171,-0.242264,-0.091223,-0.026002,-0.191817,-0.220476,-0.181778
4866,-0.137932,0.045438,0.020639,-0.200833,-0.133377,-0.113647,-0.304193,-0.135079,-0.209481,-0.145257,-0.230792,-0.14939,-0.17476,-0.104274,-0.174319
4881,-0.124349,0.232234,-0.133779,-0.130053,-0.249751,-0.102235,-0.140633,-0.089447,-0.276271,-0.230047,-0.213793,-0.149769,-0.228387,-0.109054,-0.197534
4893,-0.14116,0.029804,0.091887,-0.095624,-0.092256,-0.113191,-0.129693,-0.090614,-0.141186,-0.238853,-0.123631,-0.244056,-0.151354,-0.170014,-0.178937
4913,-0.115072,0.059062,0.027633,0.036864,-0.210514,-0.052878,-0.225781,-0.0369,-0.268205,-0.185825,-0.100554,-0.208392,-0.101,-0.098718,-0.107986
4928,-0.148879,0.083605,0.064054,-0.071945,-0.161532,-0.029645,-0.275854,-0.139986,-0.229996,-0.204966,-0.118997,-0.18995,-0.10095,-0.144481,-0.177992
4935,-0.153606,-0.09591,-0.009626,-0.175233,-0.21868,-0.026928,-0.103124,-0.045888,-0.227835,-0.313894,-0.272553,-0.245341,-0.154859,-0.165161,-0.105781
4947,-0.144919,0.125121,0.059567,-0.008539,-0.128653,-0.208364,-0.186313,0.029065,-0.06989,-0.274204,-0.120308,-0.132592,-0.227682,-0.119599,-0.163169
4959,-0.064899,0.153413,-0.006439,0.139468,-0.032169,-0.085275,-0.062517,-0.125227,-0.148357,-0.264609,-0.169494,0.013987,-0.091604,-0.039019,-0.120598
4986,-0.187811,0.035565,-0.079839,-0.276173,-0.133769,-0.040281,-0.233665,-0.090268,-0.344687,-0.228728,-0.188027,-0.253506,-0.106839,-0.136374,-0.203071
5002,-0.096984,0.152413,-0.030542,-0.053604,-0.044667,-0.070011,-0.194609,-0.055771,-0.058682,-0.195465,-0.022035,-0.128532,-0.201809,-0.039883,0.042094
5021,-0.109911,0.054222,0.110368,-0.121901,-0.182091,-0.255478,-0.200446,-0.099912,-0.082489,-0.028165,-0.205625,-0.163224,-0.161857,-0.052428,-0.106735
5046,-0.047127,0.201664,0.016592,0.050298,-0.008244,0.096193,-0.011725,0.060914,-0.08852,-0.0797,0.009976,-0.05453,-0.124358,-0.035057,-0.073128
5054,-0.052553,-0.099735,-0.041826,-0.167662,-0.148604,-0.142483,-0.147248,-0.078931,-0.158731,-0.055847,-0.178098,-0.199321,-0.149299,-0.056566,-0.071893
5068,-0.072914,0.12123,-0.055128,0.041377,-0.039611,-0.011948,-0.016624,-0.110097,-0.163116,-0.082195,-0.159297,-0.083053,-0.05625,-0.048106,0.004517
5070,-0.134671,0.14354,-0.02798,-0.090312,-0.092608,-0.061899,-0.140574,-0.15027,-0.173393,-0.195695,-0.237613,-0.123857,-0.179512,-0.191296,-0.091129
5099,-0.087185,-0.053381,-0.156229,-0.06957,-0.261812,0.070559,-0.116566,-0.096362,-0.210013,-0.193078,-0.188752,-0.139685,-0.181741,-0.056259,-0.016728
5107,-0.120065,0.261253,-0.175297,0.112874,-0.141024,-0.057966,-0.162762,-0.00359,-0.256531,-0.227274,-0.143948,-0.12308,-0.166935,-0.157018,-0.147455
5124,-0.166329,-0.070073,-0.199843,-0.017419,-0.166178,-0.09613,-0.088347,-0.041763,-0.317202,-0.254726,-0.167401,-0.187925,-0.165242,-0.273798,-0.009415
5151,-0.067395,-0.034476,0.136822,-0.027931,-0.073888,-0.076741,0.026572,-0.089069,-0.115462,-0.064553,-0.177817,-0.080136,-0.180988,-0.024764,-0.068231
5163,-0.090615,0.027367,0.018823,-0.098732,-0.013787,-0.088757,-0.099767,-0.030518,-0.080978,-0.097607,-0.131541,-0.202694,-0.223302,-0.036239,-0.013952
5175,-0.075209,0.073858,-0.004053,-0.18368,-0.174466,-0.043971,-0.155843,-0.059499,-0.129064,-0.147092,-0.055567,-0.002902,-0.043241,0.011512,-0.096391
5196,-0.11976,-0.122958,-0.128404,-0.166327,-0.194694,-0.182162,-0.029181,-0.11383,-0.146339,-0.206698,-0.160635,-0.078572,-0.151443,-0.220842,-0.166473
5213,-0.099972,0.204598,-0.008551,-0.071547,-0.148424,-0.040943,-0.154437,-0.149055,-0.194846,-0.237018,-0.183524,-0.111939,-0.132894,-0.171097,-0.082147
5228,-0.083085,0.006229,-0.073191,-0.024811,-0.118732,-0.191676,-0.108818,-0.184192,-0.110128,-0.072522,-0.162366,-0.075204,-0.096694,-0.141658,-0.107899
5235,-0.081757,0.045763,-0.111811,-0.116006,-0.238695,-0.024773,-0.108483,-0.012477,-0.279495,-0.126917,-0.183543,0.022839,-0.197764,-0.116342,-0.033272
5247,-0.068461,-0.014461,-0.07802,-0.016328,-0.160127,-0.031425,-0.140532,-0.065285,-0.169804,-0.120307,-0.177302,0.050737,-0.237383,-0.014011,0.002147
5261,-0.145487,-0.093085,-0.062581,-0.237769,-0.246084,-0.077898,-0.265129,-0.033296,-0.243409,-0.232002,-0.278773,-0.236398,-0.186543,-0.153794,-0.045213
5272,-0.156659,-0.060057,-0.012901,-0.178108,-0.263907,-0.115296,-0.261104,-0.133492,-0.23615,-0.267605,-0.170874,-0.219776,-0.265356,-0.11554,-0.074229
5301,-0.06707,0.112705,0.022818,-0.076599,-0.094439,0.041449,-0.199711,0.059305,-0.052831,-0.167195,-0.112095,-0.039961,-0.12761,0.012663,-0.056379
5319,-0.089584,-0.0086,-0.085996,-0.068173,-0.125377,-0.111946,-0.062504,-0.109234,-0.093147,-0.21325,-0.195317,-0.080453,-0.186041,-0.004761,-0.035186
5367,-0.093964,0.068398,-0.0775,0.007049,-0.08151,-0.035984,-0.010811,-0.14951,-0.184521,-0.15296,-0.139789,-0.101294,-0.198654,-0.066462,-0.114392
5374,-0.114783,0.20961,-0.003126,-0.209222,-0.190871,-0.120755,-0.233076,-0.01692,-0.194093,-0.222796,-0.168488,-0.153613,-0.220801,-0.126507,-0.116841
5388,-0.139373,0.271446,0.002064,-0.129702,-0.172542,-0.174398,-0.097859,-0.158209,-0.235356,-0.404131,-0.180239,-0.123875,-0.187821,-0.19759,-0.075392
5395,-0.096746,0.234213,0.023154,-0.051133,-0.09958,-0.176687,-0.130978,-0.052894,-0.129592,-0.270194,-0.128229,-0.032636,-0.134762,-0.117967,-0.043918
5408,-0.04007,0.098333,-0.117333,0.101747,-0.041757,0.04032,0.021562,0.061848,-0.059331,-0.051286,-0.005973,0.072384,-0.041092,-0.057407,-0.03322
5414,-0.095024,0.137429,-0.001873,-0.220962,-0.279745,0.067236,-0.131555,0.008896,-0.119732,-0.17848,-0.049411,-0.078128,-0.197351,-0.062371,-0.09991
5420,-0.075817,-0.007947,-0.05924,-0.016688,-0.150398,0.0162,-0.174354,-0.045485,-0.060329,-0.061541,-0.09227,-0.107853,-0.094148,-0.011137,-0.058263
5445,-0.079364,0.104673,0.021121,0.063214,-0.193583,-0.048286,-0.037531,-0.183928,-0.088818,-0.191481,-0.165762,-0.110041,-0.164417,-0.068983,-0.153366
5452,-0.1012,-0.125247,-0.094233,0.010882,-0.138114,-0.105009,-0.091818,-0.280923,-0.208928,-0.189085,-0.319495,-0.182107,-0.165843,-0.136891,-0.132042
5466,-0.117874,0.206114,-0.268332,0.028194,-0.31642,-0.177032,-0.165939,-0.140143,-0.262691,-0.279291,-0.21958,-0.071424,-0.103383,-0.038131,-0.031834
5481,-0.132995,0.282925,-0.110981,-0.159877,-0.195032,0.028897,-0.049389,-0.105818,-0.23342,-0.284781,-0.17025,-0.071632,-0.156831,-0.106906,-0.229169
5493,-0.088545,0.086793,0.030787,-0.068593,-0.159198,-0.07991,-0.212894,-0.062373,-0.15802,-0.243711,-0.144335,-0.085511,-0.152341,-0.023302,-0.172303
5509,-0.080845,0.043278,0.053514,-0.222642,-0.219617,-0.040973,-0.146419,0.022854,-0.180611,-0.109948,0.001653,-0.115529,-0.127749,-0.120609,-0.092226
5517,-0.099903,-0.039656,-0.050389,-0.122976,-0.191172,-0.006913,-0.192718,-0.015459,-0.147209,-0.149372,-0.064079,-0.230224,-0.185044,-0.027826,-0.061458
5526,-0.040053,0.023823,0.039896,-0.141568,-0.083581,0.007916,-0.065228,0.019853,-0.094553,-0.049133,-0.068498,-0.101655,-0.076403,0.051235,-0.078446
5534,-0.155352,-0.087178,0.02288,-0.05783,-0.324818,-0.096783,-0.270384,-0.144302,-0.299392,-0.127478,-0.183063,-0.175134,-0.207558,-0.189358,-0.105271
5541,-0.132619,0.173525,0.044648,-0.076619,-0.131812,-0.109017,-0.169538,-0.006582,-0.282749,-0.205702,-0.155686,-0.057072,-0.151044,-0.010951,-0.20564
5553,-0.067276,0.029878,-0.08399,-0.124084,-0.141966,-0.037026,-0.057418,-0.056297,-0.216793,-0.178549,-0.07467,-0.095398,-0.108525,-0.11701,-0.106694
5560,-0.076976,0.03518,-0.094679,-0.058382,-0.161805,-0.126663,-0.111922,-0.113393,-0.212727,-0.187122,-0.112107,-0.149047,-0.098871,-0.128936,-0.075785
5578,-0.160511,0.256187,-0.029135,-0.147716,-0.1345,-0.158535,-0.042276,-0.075927,-0.267211,-0.286255,-0.097823,-0.101456,-0.262588,-0.165173,-0.127865
5606,-0.09533,0.064977,-0.160304,-0.134006,-0.199501,-0.097459,-0.280151,0.006678,-0.067481,-0.179781,-0.201411,0.00542,-0.131285,-0.055825,-0.089628
5631,-0.085052,0.008714,-0.140905,0.050604,-0.220343,-0.053028,-0.1954,-0.07573,-0.15696,-0.132825,-0.073022,-0.051761,-0.19125,0.027549,-0.116118
5644,-0.130654,0.264838,0.054587,-0.113828,-0.177677,-0.206485,-0.206012,0.006277,-0.196389,-0.215328,-0.156759,-0.067283,-0.180485,-0.112709,-0.194078
5658,-0.086467,0.074503,0.06164,-0.098832,-0.086497,-0.08966,-0.136005,0.079102,-0.180285,-0.207278,-0.138618,-0.035718,-0.040887,-0.097991,-0.115074
5665,-0.10437,0.120474,-0.067995,-0.103558,-0.04873,-0.181562,-0.199893,0.001354,-0.203225,-0.243493,-0.057797,0.001623,-0.068752,-0.059758,-0.094663
5673,-0.066382,0.043261,0.028457,-0.028809,-0.09829,-0.131716,-0.039435,0.083974,-0.10517,-0.03735,-0.09701,-0.031406,-0.119764,-0.01893,-0.110419
5680,-0.172778,0.2505,0.025802,0.016284,-0.041308,-0.245284,-0.190632,-0.153536,-0.433605,-0.377643,-0.19691,-0.150814,-0.149125,-0.190366,-0.261888
5704,-0.049184,0.064348,-0.068509,0.097594,-0.089839,-0.042264,-0.159935,-0.039749,-0.124207,-0.052513,-0.196544,-0.01015,-0.04804,-0.029287,-0.05668
5716,-0.074866,0.116491,-0.057806,-0.230893,-0.070031,-0.060876,-0.088076,-0.036372,-0.123644,-0.046636,-0.093303,-0.046217,-0.088589,-0.081181,-0.079978
5727,-0.135933,-0.021116,-0.055356,-0.129193,-0.258493,-0.001836,-0.118392,-0.143198,-0.191417,-0.257905,-0.133552,-0.081804,-0.229434,-0.151036,-0.185814
5739,-0.082163,0.133221,-0.044224,-0.038772,-0.224395,0.001235,-0.216159,0.017931,-0.094983,-0.21926,-0.140343,0.036661,-0.158064,-0.046933,-0.045849
5748,-0.088018,0.19557,-0.061345,0.020231,-0.136807,0.064395,-0.01554,-0.107578,-0.175149,-0.007745,-0.141691,-0.105367,-0.190501,-0.055681,-0.15097
5755,-0.15155,0.019993,-0.066833,-0.281516,-0.237937,-0.087902,-0.203181,-0.108353,-0.252161,-0.18848,-0.241331,-0.172906,-0.184308,-0.227466,-0.1381
5762,-0.117302,0.136875,-0.152347,-0.024719,-0.359424,-0.145521,-0.209505,-0.142507,-0.238782,-0.276294,-0.139017,-0.053169,-0.165601,-0.087237,-0.144942
5783,-0.117295,0.0326,-0.0499,-0.105379,-0.272458,0.007124,-0.222114,-0.134632,-0.142829,-0.187656,-0.16208,-0.192749,-0.205555,-0.124515,-0.133755
5811,-0.089723,0.009989,0.052957,-0.052051,-0.170389,-0.210026,-0.245257,-0.095584,-0.247059,-0.112388,-0.265593,-0.131399,-0.165368,0.015851,-0.102202
5825,-0.074152,-0.041234,0.103232,-0.050665,-0.000268,-0.017283,-0.053266,-0.148794,-0.17204,-0.001326,-0.115216,-0.082914,-0.100914,0.011041,-0.106492
5840,-0.136232,0.154168,-0.009953,-0.088728,-0.149227,0.008689,-0.200504,-0.041317,-0.195689,-0.245028,-0.249447,-0.160073,-0.164036,-0.118134,-0.091195
5857,-0.132133,0.220514,0.04062,-0.140803,-0.129674,-0.154958,-0.245472,-0.18208,-0.230144,-0.235481,-0.088875,-0.141928,-0.189709,-0.079881,-0.101348
5869,-0.099216,0.14975,0.038972,-0.119687,-0.237529,-0.076449,-0.134523,-0.073045,-0.143461,-0.253449,-0.167739,-0.063703,-0.263931,-0.020335,-0.124539
5876,-0.087274,0.269589,0.019498,-0.157861,-0.184933,-0.090773,-0.031146,-0.104052,-0.226549,-0.079726,-0.120998,-0.044371,-0.222022,-0.161677,-0.054638
5905,-0.155994,0.279787,-0.153601,-0.034404,-0.220899,-0.200271,-0.000965,-0.097992,-0.278995,-0.332033,-0.250133,-0.117259,-0.15526,-0.086629,-0.221467
5918,-0.1094,0.040858,0.107977,-0.0676,-0.111582,0.000107,-0.047082,-0.104892,-0.304646,-0.21475,-0.08537,-0.248533,-0.040769,-0.088762,-0.168042
5930,-0.108825,-0.114661,-0.015028,-0.376962,-0.197562,-0.181581,-0.265931,-0.121453,-0.289121,-0.152039,-0.062071,-0.019994,-0.187997,-0.153625,-0.102143
5942,-0.098352,0.030868,0.120752,0.021958,-0.201645,-0.062308,-0.012545,-0.052128,-0.139472,-0.052276,-0.083827,-0.100482,-0.129907,-0.064405,-0.160017
5956,-0.077743,0.180821,-0.110407,-0.076986,-0.127421,0.001539,-0.149093,-0.085155,-0.074986,-0.20871,-0.151911,-0.080789,-0.169731,-0.147008,-0.039164
5991,-0.111951,-0.010444,-0.204881,-0.196256,-0.225883,-0.143532,-0.153957,-0.140339,-0.187563,-0.14162,-0.113393,-0.101697,-0.164369,-0.163244,-0.018399
6004,-0.128851,0.248852,0.103515,0.009161,-0.14153,-0.064642,-0.135281,-0.03662,-0.243282,-0.152102,-0.133471,-0.220425,-0.133207,-0.146928,-0.092592
6016,-0.104336,-0.048699,-0.062654,-0.296533,-0.155101,0.033942,-0.126716,-0.101293,-0.133806,-0.239873,-0.075741,-0.148685,-0.140188,-0.047362,-0.133876
6027,-0.169848,0.116942,-0.0646,-0.205597,-0.304304,-0.078009,-0.252705,-0.108017,-0.280877,-0.242323,-0.23949,-0.190734,-0.224019,-0.124979,-0.17953
6039,-0.145278,0.110333,-0.120188,-0.264565,-0.35926,-0.025363,-0.139604,-0.022225,-0.213127,-0.221739,-0.243525,-0.162092,-0.183306,-0.126525,-0.14581
6048,-0.133166,0.121156,-0.042441,-0.251244,-0.343567,-0.08987,-0.189562,-0.046923,-0.234948,-0.197239,-0.188938,-0.168806,-0.30946,-0.10137,-0.145668
6062,-0.130975,0.078909,0.031219,-0.157297,-0.212033,-0.07168,-0.229489,-0.146671,-0.180992,-0.120603,-0.302815,-0.108233,-0.258007,-0.052212,-0.153914
6071,-0.134579,0.263202,-0.071172,-0.109054,-0.106814,0.017269,-0.143137,-0.170643,-0.131404,-0.235049,-0.186824,-0.173274,-0.137336,-0.208489,-0.097557
6083,-0.100627,0.181835,-0.012146,0.069326,0.011806,-0.165163,-0.209383,-0.037321,-0.130515,-0.220054,-0.064655,-0.153908,-0.14413,0.000229,-0.143678
6140,-0.171357,0.144474,-0.152462,-0.132737,-0.244726,-0.091767,-0.26066,-0.217839,-0.304088,-0.28653,-0.250631,-0.246517,-0.207952,-0.098158,-0.211439
6184,-0.112621,0.075453,0.086912,-0.228554,-0.076743,-0.111741,-0.089738,0.089629,-0.032829,-0.219999,-0.177397,-0.061802,-0.139899,-0.064613,-0.0235
6198,-0.214988,0.335019,0.003974,-0.119748,-0.183612,-0.150095,-0.229193,-0.156935,-0.379321,-0.34416,-0.285878,-0.223879,-0.312917,-0.187178,-0.178922
6201,-0.123808,-0.102336,0.092143,-0.273421,-0.242088,-0.019839,-0.207043,-0.085236,-0.2149,-0.325784,-0.164494,-0.114844,-0.156156,-0.125165,-0.14144
6222,-0.162585,0.058394,0.076341,-0.20464,-0.281087,-0.195469,-0.129542,-0.14183,-0.282803,-0.307232,-0.197616,-0.183957,-0.340501,-0.214204,-0.200386
6236,-0.162742,0.064646,0.094447,-0.271756,-0.150094,-0.155845,-0.254544,-0.138222,-0.308501,-0.342006,-0.181128,-0.13308,-0.271502,-0.156704,-0.138285
6243,-0.080732,-0.079771,0.130804,-0.172641,-0.122557,-0.172643,-0.093507,-0.098749,-0.202983,-0.314087,-0.144936,-0.033235,-0.176502,-0.020892,-0.099405
6288,-0.185591,0.057761,-0.026683,-0.29261,-0.290928,-0.134632,-0.285633,-0.120755,-0.280094,-0.387338,-0.313677,-0.220093,-0.18313,-0.115804,-0.288391
6307,-0.085498,0.217381,-0.187583,-0.047941,-0.111604,-0.041426,-0.028226,-0.009206,-0.358292,-0.149928,-0.144222,-0.12107,-0.167909,-0.04133,-0.017809
6310,-0.04971,0.194117,-0.010974,-0.080909,0.070922,0.037296,-0.03236,-0.031373,-0.086295,-0.156505,-0.018405,0.034891,-0.158431,0.028171,-0.047131
6324,-0.194703,0.033962,0.009993,-0.340313,-0.224903,-0.26148,-0.499208,-0.096396,-0.167212,-0.179877,-0.20628,-0.176424,-0.175747,-0.097675,-0.205804
6338,-0.095651,0.043933,0.07019,-0.059926,-0.149966,-0.152186,-0.177386,-0.085992,-0.06837,-0.171017,-0.072227,-0.163969,-0.148465,0.050072,-0.124883
6375,-0.04268,0.036088,0.122526,-0.02783,-0.103838,0.011874,-0.087408,0.017725,-0.050207,-0.108106,-0.011182,-0.07797,-0.151711,0.03598,-0.010468
6402,-0.197052,0.246283,-0.086547,0.142384,-0.243681,-0.449761,-0.223871,-0.133986,-0.377309,-0.328986,-0.263742,-0.195255,-0.236495,-0.117503,-0.261084
6415,-0.105939,0.212889,0.032904,-0.144961,-0.051389,0.083683,-0.088022,-0.131498,-0.161703,-0.165873,-0.053232,-0.104249,-0.15557,-0.073441,-0.074525
6421,-0.126288,-0.035447,0.104132,-0.194693,-0.216039,-0.05737,-0.190545,0.012139,-0.134143,-0.178048,-0.099687,-0.050652,-0.270741,-0.122719,-0.177328
6433,-0.086101,0.180858,0.027159,-0.14568,-0.197416,-0.104201,-0.228658,-0.07961,-0.187904,-0.21084,-0.139137,-0.092903,-0.141893,-0.108678,-0.10528
6470,-0.086239,0.061911,-0.162926,0.110055,-0.201537,-0.116365,-0.155059,-0.034161,-0.18606,-0.19524,-0.128369,-0.082936,-0.084428,0.010895,-0.012732
6487,-0.132752,0.209571,0.066128,-0.100975,-0.211332,-0.080668,-0.132213,-0.18373,-0.221827,-0.256063,-0.139328,-0.22095,-0.057408,-0.086839,-0.108869
6500,-0.065987,0.121615,-0.085645,0.04269,-0.170981,-0.0294,-0.200742,-0.028133,-0.058699,-0.06519,-0.132965,0.022245,-0.140591,-0.068772,-0.005614
6513,-0.118255,-0.104435,-0.047455,-0.204409,-0.339578,-0.091045,-0.251424,-0.179401,-0.190621,-0.258362,-0.13763,-0.084138,-0.217838,-0.15639,-0.213518
6528,-0.070635,0.161187,0.100321,-0.064893,-0.189385,0.060662,-0.140519,-0.021015,-0.149164,-0.050326,-0.098227,-0.071045,-0.141904,0.001404,-0.105986
6535,-0.089041,0.290712,0.073577,0.045556,-0.094358,-0.114323,-0.094426,0.049828,-0.203034,-0.180569,-0.002612,-0.073757,-0.174852,0.003396,-0.073654
6547,-0.090445,0.058712,0.059649,-0.200947,-0.161744,-0.061186,-0.144657,-0.048068,-0.260857,-0.172925,-0.189791,-0.102994,-0.139386,-0.057387,-0.097389
6608,-0.090224,0.025066,0.083958,-0.218192,-0.158772,-0.156267,-0.239556,-0.028791,-0.196777,-0.237765,-0.044007,-0.154582,-0.176459,-0.079982,-0.125715
6614,-0.083504,0.158295,-0.026819,-0.073161,-0.147296,-0.050714,-0.204976,-0.008464,-0.194942,-0.161586,-0.058984,-0.007722,-0.166991,0.034403,-0.037583
6620,-0.144957,0.017961,0.028271,-0.124523,-0.217045,-0.13707,-0.067543,-0.202967,-0.281144,-0.045726,-0.044185,-0.156759,-0.170607,-0.148396,-0.222573
6679,-0.07392,0.164919,-0.052833,-0.228959,-0.109892,-0.150813,-0.041638,-0.101382,-0.208354,-0.054633,-0.109862,-0.081451,-0.1542,0.013538,-0.054807
6681,-0.087568,0.009627,0.142093,-0.224214,-0.118213,-0.185068,-0.037022,-0.042092,0.024227,-0.102399,-0.155097,-0.114309,-0.05289,-0.026496,-0.076332
6705,-0.036251,0.19122,-0.057449,0.051427,-0.045035,0.029325,0.173462,0.035533,-0.047565,-0.16863,-0.003272,0.023312,-0.137835,-0.00633,0.013101
6718,-0.140406,0.043187,0.145222,-0.151529,-0.113084,-0.118117,-0.220315,-0.175296,-0.151999,-0.214001,-0.107113,-0.089673,-0.242583,-0.08381,-0.124131
6742,-0.099678,-0.053832,-0.057804,-0.029427,-0.176702,-0.047214,-0.108564,-0.185304,-0.134969,-0.15092,-0.17933,-0.192811,-0.146635,0.006779,-0.015171
6756,-0.091051,0.214977,0.021249,-0.046716,-0.174869,-0.021243,-0.011705,-0.108096,-0.180465,-0.189544,-0.209388,-0.096919,-0.095325,0.022936,-0.124645
7005,-0.079503,0.197058,0.004644,-0.015692,-0.066382,-0.030682,-0.143518,0.00357,-0.179769,-0.218183,-0.062776,-0.134993,-0.175106,-0.010073,-0.080692
7018,-0.086056,0.090437,0.025795,-0.101686,-0.076252,-0.022659,-0.146144,0.030139,-0.167629,-0.242075,-0.106988,-0.162425,-0.18117,-0.045337,-0.087756
7030,-0.079275,0.080506,-0.157634,0.038403,-0.202474,-0.050634,-0.096246,-0.150467,-0.078202,-0.090917,-0.1965,-0.022105,-0.150646,-0.065175,-0.04765
7042,-0.084977,0.146031,-0.068735,0.027323,-0.147047,-0.064879,-0.053172,-0.140477,-0.142618,-0.143868,-0.159342,-0.066506,-0.110831,-0.09587,-0.09734
7109,-0.116868,0.047943,-0.111978,-0.259534,-0.192176,-0.133023,-0.287471,-0.124549,-0.176163,-0.164155,-0.177581,-0.124278,-0.139154,-0.093345,-0.103573
7117,-0.142639,0.080375,-0.218276,-0.265509,-0.250508,-0.13126,-0.244122,-0.177428,-0.225223,-0.293728,-0.273567,-0.113248,-0.168739,-0.198136,-0.098552
7126,-0.178836,0.173115,-0.127978,-0.223217,-0.316659,-0.166073,-0.363559,-0.126259,-0.319733,-0.273236,-0.319879,-0.207317,-0.285875,-0.244,-0.186143
7141,-0.094973,-0.021906,0.068932,-0.155963,-0.218689,-0.103274,-0.227338,-0.045377,-0.196004,-0.182221,-0.128596,-0.042644,-0.187373,-0.068375,-0.149021
7178,-0.118871,-0.012735,0.098621,-0.196783,0.003693,-0.060457,-0.187626,-0.106795,-0.226583,-0.225137,-0.201845,-0.013736,-0.226848,-0.082142,-0.030503
7185,-0.075863,-0.116198,0.076349,-0.206249,-0.099653,-0.117014,-0.155773,-0.028443,-0.185022,-0.085817,-0.033128,-0.214998,-0.169144,-0.017863,-0.058702
7192,-0.129068,0.303325,0.029049,-0.046041,-0.210924,-0.03533,-0.100287,0.007751,-0.219017,-0.243087,-0.158469,-0.021038,-0.209327,-0.011143,-0.184602
7207,-0.105043,-0.003911,-0.02193,-0.004136,-0.196653,-0.014076,-0.094522,-0.008954,-0.023532,-0.145186,-0.074133,-0.101137,-0.132021,-0.025394,-0.119508
7210,-0.190933,-0.144149,-0.159843,-0.263081,-0.29939,-0.187213,-0.255581,-0.162907,-0.281756,-0.210962,-0.122863,-0.282493,-0.262298,-0.248916,-0.229901
7224,-0.101777,0.151996,-0.165421,-0.027765,-0.165371,-0.01192,-0.200235,-0.087533,-0.161628,-0.22094,-0.206095,0.068927,-0.211545,-0.058086,-0.201474
7238,-0.110932,0.012211,-0.156914,-0.176574,-0.224377,-0.15243,-0.148301,-0.082313,-0.241538,-0.126848,-0.089919,-0.081389,-0.10592,-0.080486,-0.134699
7249,-0.126753,0.087609,0.060637,-0.257442,-0.220028,-0.230813,-0.157327,-0.028006,-0.144607,-0.189554,-0.228212,-0.033408,-0.161002,-0.165816,-0.115558
7251,-0.222964,0.008418,-0.028019,-0.305629,-0.343281,-0.262686,-0.179311,-0.388931,-0.417218,-0.338617,-0.310609,-0.295293,-0.331996,-0.228072,-0.270065
7263,-0.155915,0.158872,-0.204943,-0.087897,-0.320241,-0.163299,-0.123725,-0.244855,-0.301244,-0.328107,-0.281634,-0.219224,-0.288366,-0.207331,-0.072275
7275,-0.039749,0.086008,0.184916,-0.186537,-0.09565,-0.047873,-0.066886,-0.015561,-0.065413,-0.030853,-0.027221,-0.058938,-0.097614,-0.049619,-0.0672
7282,-0.13517,0.382825,0.06661,-0.171939,-0.09852,-0.07382,-0.242293,-0.154925,-0.154104,-0.246669,-0.054406,-0.199231,-0.1864,-0.018448,-0.179343
7296,-0.099117,0.201285,-0.006082,-0.133969,-0.1845,0.065779,-0.072199,0.004665,-0.073919,-0.202664,-0.05344,0.002345,-0.23372,-0.076425,-0.133067
7303,-0.125494,0.167376,0.064033,-0.25308,-0.141399,-0.08789,-0.200771,-0.023733,-0.276836,-0.173435,-0.139339,-0.125505,-0.184318,-0.149723,-0.163788
7340,-0.051654,-0.092097,-0.065212,-0.225105,-0.14131,0.033099,-0.060523,-0.09783,-0.096803,-0.129983,-0.116932,-0.017455,-0.041267,-0.053522,-0.018375
7357,-0.063851,-0.04823,-0.036965,-0.118628,-0.175624,0.021292,-0.148765,-0.073088,-0.175678,-0.018595,-0.118253,0.001648,-0.224008,-0.133418,-0.069218
7369,-0.075335,0.12935,0.037544,-0.028222,-0.176931,-0.004654,-0.131084,-0.082577,-0.034,-0.155075,-0.071999,-0.142982,-0.147454,-0.007555,-0.09323
7398,-0.103695,0.286475,-0.152846,-0.024598,-0.191291,0.077878,-0.190582,-0.017436,-0.251313,-0.29962,-0.178734,-0.068067,-0.087356,-0.032542,-0.118553
7404,-0.097463,0.228823,-0.02274,-0.137909,-0.115428,-0.070054,-0.109756,-0.12583,-0.187799,-0.21547,-0.044261,-0.069845,0.014025,-0.054719,-0.184949
7416,-0.094204,0.099943,0.023584,-0.222889,-0.220674,-0.098367,-0.287933,-0.078177,-0.106955,-0.144436,-0.01813,-0.096976,-0.183006,-0.108228,-0.076531
7455,-0.065539,0.261247,0.108776,-0.01804,-0.111067,-0.128979,-0.209069,0.013336,-0.233353,-0.123378,-0.003714,-0.105939,-0.052071,-0.065624,-0.093076
7483,-0.127357,0.167879,-0.040082,-0.08653,-0.152713,-0.143363,-0.09811,-0.055465,-0.273964,-0.234874,-0.148272,-0.203864,-0.179961,-0.089121,-0.151891
7490,-0.064401,0.126494,-0.101212,0.083453,-0.124421,-0.066216,-0.126798,-0.062294,-0.197452,-0.149934,-0.073368,-0.071988,-0.146451,-0.055471,-0.089148
7519,-0.117533,0.041908,0.047456,-0.182494,-0.109776,-0.073738,-0.159219,-0.122619,-0.21542,-0.162451,-0.186779,-0.259833,-0.219196,0.03843,-0.071756
7522,-0.083882,-0.031245,-0.109988,-0.209932,-0.100197,-0.294859,-0.211305,-0.048579,-0.117845,-0.144703,-0.139024,-0.024532,-0.208886,-0.037878,-0.151696
7536,-0.05255,0.084954,-0.122858,-0.035515,-0.134409,-0.048365,-0.12003,-0.036261,-0.060792,-0.129161,-0.036284,-0.076564,-0.146956,-0.007416,-0.093209
7543,-0.105266,0.180492,-0.100709,-0.106871,-0.126821,-0.134298,-0.189492,-0.085571,-0.222807,-0.31222,-0.055655,-0.091599,-0.137546,0.033507,-0.186665
7567,-0.083303,0.046574,-0.081487,-0.136092,-0.128775,-0.136024,-0.223252,-0.102239,-0.238194,-0.164439,-0.087335,-0.126905,-0.161118,-0.06811,-0.155333
7595,-0.082318,0.158255,-0.007908,-0.134516,-0.12125,-0.098397,-0.08059,-0.040515,-0.150678,-0.175224,-0.071525,-0.086237,-0.207952,-0.067438,-0.058989
7602,-0.110414,0.159459,-0.062466,-0.121956,-0.135434,-0.156233,-0.045934,-0.003995,-0.364494,-0.176424,-0.188217,-0.176223,-0.108639,-0.058267,-0.096485
7615,-0.124018,-0.013603,0.130343,-0.226339,-0.183134,-0.227602,-0.229332,-0.035844,-0.135695,-0.255177,-0.159684,-0.161968,-0.248687,-0.029369,-0.179611
7654,-0.131471,-0.06522,0.039562,-0.290126,-0.273732,-0.281601,-0.085111,0.001557,-0.278211,-0.284731,-0.207706,-0.096201,-0.216393,-0.017296,-0.228588
7668,-0.060223,0.165794,-0.075078,-0.081323,-0.020911,-0.105398,-0.141815,0.054802,-0.047565,-0.148555,-0.100038,0.033164,-0.093057,-0.019884,-0.037704
7699,-0.095466,0.121009,0.020062,-0.322827,-0.146799,-0.101141,-0.195389,-0.00512,-0.16548,-0.182787,-0.055162,-0.122619,-0.125369,-0.023321,-0.174978
9406,-0.146004,-0.146013,0.032205,-0.287807,-0.068986,-0.150764,-0.152512,-0.168267,-0.253902,-0.125233,-0.188805,-0.119414,-0.155969,-0.146874,-0.074749
9412,-0.083244,0.164553,-0.114705,0.021874,-0.277159,0.05511,-0.143146,-0.030051,-0.044149,-0.133098,-0.081952,-0.065831,-0.145264,-0.018022,-0.098167
9429,-0.066463,0.005587,0.073716,-0.041256,-0.118879,0.032621,-0.040821,-0.132953,-0.058223,-0.14783,-0.072728,-0.057295,-0.141904,-0.094329,-0.092711
9431,-0.110654,0.042794,-0.110372,-0.287033,-0.17383,0.030333,-0.021511,-0.068091,-0.22271,-0.240305,-0.055446,-0.080188,-0.189483,-0.113191,-0.13944
9458,-0.127819,0.087751,-0.022577,-0.18116,-0.248108,-0.086818,-0.164072,-0.098071,-0.189188,-0.206326,-0.028313,-0.112517,-0.218064,-0.062619,-0.072312
9465,-0.08819,0.158202,-0.017565,-0.014937,-0.288259,-0.017724,-0.032447,0.024825,-0.155887,-0.142665,0.003444,0.020107,-0.177696,0.018745,-0.060816
9480,-0.064838,0.130956,0.039594,-0.131815,-0.01675,0.146722,-0.017312,-0.084629,-0.054513,-0.15106,0.03757,-0.015974,-0.174556,-0.079483,-0.060746
9503,-0.076192,0.050894,-0.130551,0.008568,-0.087289,0.003594,-0.118541,-0.04108,-0.118978,-0.18133,-0.142361,-0.073949,-0.084154,-0.027074,-0.074117
9511,-0.07713,0.093832,-0.074695,-0.082347,-0.090397,-0.094262,-0.149692,-0.065663,-0.054219,-0.099548,-0.125508,-0.067276,-0.044858,-0.106449,-0.034996
9525,-0.135032,0.051074,-0.271157,-0.141934,-0.30407,0.043294,-0.172672,-0.145353,-0.128694,-0.201994,-0.177327,-0.144648,-0.194556,-0.085984,-0.03859
9540,-0.093441,0.146638,-0.0719,-0.021429,-0.17999,-0.075139,-0.098356,-0.060171,-0.204921,-0.162512,-0.039321,-0.140587,-0.134598,-0.05146,-0.12793
9557,-0.110551,0.236427,0.029927,-0.171253,-0.223363,-0.133731,-0.171976,-0.123808,-0.164138,-0.218636,-0.103246,-0.154406,-0.176644,-0.145095,-0.10536
9569,-0.137688,-0.040673,-0.054499,-0.179291,-0.202233,0.042758,-0.163157,-0.05589,-0.303193,-0.219738,-0.186911,-0.228678,-0.08726,-0.180586,-0.125663
9576,-0.17468,0.112543,-0.015651,-0.309162,-0.182848,-0.155469,-0.282428,-0.164618,-0.359854,-0.356731,-0.109407,-0.222225,-0.166817,-0.143525,-0.169375
9605,-0.105469,0.107843,-0.068735,-0.184444,-0.190729,-0.250298,-0.250116,-0.156639,-0.202373,-0.20559,-0.144282,-0.221169,-0.142027,-0.08212,-0.082834
9656,-0.081166,0.060643,0.017229,-0.12162,-0.18363,-0.087568,-0.178729,-0.044059,-0.164559,-0.113991,-0.077546,-0.052313,-0.109242,-0.070416,-0.11521
